type,src,alt,caption,redirect,poster
image,https://source.unsplash.com/1280x720/?fashion,Image 1,This is the caption for Image 1,https://codepen.io/rohanrit/pens/public?cursor=ZD0wJm89MSZwPTEmdj02Mzk4OTcyNQ==,
image,https://source.unsplash.com/1280x720/?girl,Image 2,This is the caption for Image 2,https://codepen.io/rohanrit/pens/public?cursor=ZD0xJm89MCZwPTEmdj02NDAxMDk3OQ==,
image,https://source.unsplash.com/1280x720/?nature,Image 3,This is the caption for Image 3,https://codepen.io/rohanrit/pens/public?cursor=ZD0xJm89MCZwPTEmdj02MjM3MTEzNA==,
image,https://source.unsplash.com/1280x720/?food,Image 4,This is the caption for Image 4,https://codepen.io/rohanrit/pens/public?cursor=ZD0xJm89MCZwPTEmdj01NzQ4MTgxOQ==,
image,https://source.unsplash.com/1280x720/?travel,Image 5,This is the caption for Image 5,https://codepen.io/rohanrit/pens/public?cursor=ZD0xJm89MCZwPTEmdj01NzIxNjU1Mw==,
image,https://source.unsplash.com/1280x720/?building,Image 6,This is the caption for Image 6,https://codepen.io/rohanrit/pens/public?cursor=ZD0wJm89MSZwPTEmdj02Mzk4OTcyNQ==,
image,https://source.unsplash.com/1280x720/?flower,Image 7,This is the caption for Image 7,https://codepen.io/rohanrit/pens/public?cursor=ZD0xJm89MCZwPTEmdj02NDAxMDk3OQ==,
image,https://source.unsplash.com/1280x720/?animal,Image 8,This is the caption for Image 8,https://codepen.io/rohanrit/pens/public?cursor=ZD0xJm89MCZwPTEmdj02MjM3MTEzNA==,
image,https://source.unsplash.com/1280x720/?sport,Image 9,This is the caption for Image 9,https://codepen.io/rohanrit/pens/public?cursor=ZD0xJm89MCZwPTEmdj01NzQ4MTgxOQ==,
image,https://source.unsplash.com/1280x720/?human,Image 10,This is the caption for Image 10,https://codepen.io/rohanrit/pens/public?cursor=ZD0xJm89MCZwPTEmdj01NzIxNjU1Mw==,
image,https://source.unsplash.com/1280x720/?mountain,Image 11,This is the caption for Image 11,https://codepen.io/rohanrit/pens/public?cursor=ZD0xJm89MCZwPTEmdj01NzIxNjU1Mw==,
